{
  "edgyshit": "💉🔪 💉🔪💉🔪edgy shit edgY sHit 🔪thats 🔫some edgy💉💉 shit right 🔪th🔪 ere💉💉💉 right there 🚬🚬if i do ƽaү so my selｆ 🔫i say so 🔫 thats what im talking about right there right there (chorus: ʳᶦᵍʰᵗ ᵗʰᵉʳᵉ) mMMMMᎷМ🔫 🔪🔪🔪НO0ОଠＯOOＯOОଠଠOoooᵒᵒᵒᵒᵒᵒᵒᵒᵒ🔪🔪🔪 🔫 💉💉 🔪🔪 Edgy shit",
  "goodshit": "👌👀👌👀👌👀👌👀👌👀 good shit go౦ԁ sHit👌 thats ✔ some good👌👌shit right👌👌there👌👌👌 right✔there ✔✔if i do ƽaү so my self 💯 i say so 💯 thats what im talking about right there right there (chorus: ʳᶦᵍʰᵗ ᵗʰᵉʳᵉ) mMMMMᎷМ💯 👌👌 👌НO0ОଠOOOOOОଠଠOoooᵒᵒᵒᵒᵒᵒᵒᵒᵒ👌 👌👌 👌 💯 👌 👀 👀 👀 👌👌Good shit",
  "apache": "**I sexually Identify as an Attack Helicopter.**\n\"Ever since I was a boy I dreamed of soaring over the oil fields dropping hot sticky loads on disgusting foreigners. People say to me that a person being a helicopter is Impossible and I'm fucking retarded but I don't care, I'm beautiful. I'm having a plastic surgeon install rotary blades, 30 mm cannons and AMG-114 Hellfire missiles on my body. From now on I want you guys to call me \"Apache\" and respect my right to kill from above and kill needlessly. If you can't accept me you're a heliphobe and need to check your vehicle privilege. Thank you for being so understanding.\"",
  "tableflip": [
    "(╯°□°）╯︵ ┻━┻",
    "(ノ ゜Д゜)ノ ︵ ┻━┻",
    "(╯°Д°）╯︵ /(.□ . )",
    "(/ .□.)\\ ︵╰(゜Д゜)╯︵ /(.□. )",
    "ʕノ•ᴥ•ʔノ ︵ ┻━┻",
    "(/¯◡ ‿ ◡)/¯ ~ ┻━┻"
  ],
  "hectonia": "**__Rejoignez-nous ici:__**\n**https://discord.gg/vBKyq63**"
}
